number,reg_mark,tc_holder,description,mtom_kg,pax_no,operator_name,operator_address_line1,operator_address_line2,operator_city,operator_postal_code,operator_country,manufacturer_serial_number,classification
2003,3EI,Honda Aircraft Company,HA-420,5035,,Elitavia Malta Limited,Safi Aviation Park,Triq Carmelo Caruana,Safi,SFI 1721,Malta,42000208,Aeroplane (land)
1823,649FX,Gulfstream Aerospace Corp.,GVI (G650),46992,,Flexjet Operations Malta Limited,18B Locker Street,,Sliema,SLM 3123,Malta,6134,Aeroplane (land)
1911,777MF,Gulfstream Aerospace LP,Gulfstream 200,16080,,Luxwing Ltd,15 Mannarinu Road,Level 2,Birkirkara,BKR 9080,Malta,225,Aeroplane (land)
41,ABW,Piper Aircraft Inc.,Piper PA-28-160,998,4,Cherokee 160 Limited,"24, Id-Dwejra",De La Cruz Avenue,Qormi,QRM 2456,Malta,28-586,Aeroplane (land)
62,ACL,Textron Aviation Inc.,Cessna 172M,1043,4,Malta School of Flying Company Limited,"Aurora, 18",Triq Santa Marija,Luqa,LQA 1643,Malta,17260955,Aeroplane (land)
1584,ACX,Airbus S.A.S.,A340-313,275000,,Airbus Financial Services Limited,"6, George's Dock, 5th Floor",IFSC,Dublin,D01 K5C7,Ireland,544,Aeroplane (land)
1583,ACY,Airbus S.A.S.,A340-313,275000,,Airbus Financial Services Limited,"6, George's Dock, 5th Floor",IFSC,Dublin,D01 K5C7,Ireland,582,Aeroplane (land)
1589,ACZ,Airbus S.A.S.,A340-313,275000,,Air X Charter Limited,SmartCity Malta,"Build SCM 01, 4th Floor",Ricasoli,,Malta,590,Aeroplane (land)
105,ADX,Reno Psaila,RP-KESTREL,703,1+1,Mr. Nazzareno Psaila,"40, Triq Is-Sejjieh",,Naxxar,NXR 1930,Malta,001-PFA262-12665,Microlight
107,AEB,Piper Aircraft Inc.,Piper PA-34-200T,1999,6,European Pilot Academy Ltd.,Falcon Alliance Building,"Security Gate 1, Malta International Airport",Luqa,LQA 4000,Malta,34-7870066,Aeroplane (land)
139,AEP,Airbus S.A.S.,A320-214,75500,168+9,Air Malta p.l.c,SkyParks Business Centre,"Level 2, Malta International Airport",Luqa,LQA 4000,Malta,3056,Aeroplane (land)
140,AEQ,Airbus S.A.S.,A320-214,75500,168+9,Air Malta p.l.c,SkyParks Business Centre,"Level 2, Malta International Airport",Luqa,LQA 4000,Malta,3068,Aeroplane (land)
2158,AER,Airbus S.A.S.,A320-214,75500,168+9,MASL Ireland Limited,"1st Floor, Connaught House",1 Burlington Road,Dublin,,Ireland,02178,Aeroplane (land)
127,AEV,Diamond Aircraft Industries GmbH,DA 42 M,1785,4,Siraj Holding S.A.L.,Fanar - Main Street - Real Estate,Number 19 / Setraco Building,Beirut,,Lebonon,42.234,Aeroplane (land)
136,AEX,Reims Aviation Company,Cessna F 172M,1100,4,Malta School of Flying Company Limited,"Aurora, 18",Triq Santa Marija,Luqa,LQA 1643,Malta,1023,Aeroplane (land)
148,AFD,Bombardier Inc.,DHC-8-315,19504,55,Mediterranean Aviation Company Ltd.,Medavia Hangar,Tal-Karwija,Safi,,Malta,458,Aeroplane (land)
151,AFH,Textron Aviation Inc.,Beechcraft 1900D,7772,21,Mediterranean Aviation Company Ltd.,Medavia Hangar,Safi Aviation Park,Safi,SFI 1710,Malta,UE-372,Aeroplane (land)
1706,AFX,Embraer S.A.,EMB-550,17400,11,Flexjet Operations Malta Limited,18B Locker Street,,Sliema,SLM 3123,Malta,55000028,Aeroplane (land)
942,AGR,Textron Aviation Inc.,B300,6804,9+2,Trabzon Aviation,Arendweg 35,,Leystad,8218 PE,The Netherlands,FL-183,Aeroplane (land)
1576,AGS,Embraer S.A.,ERJ 190-100 LR,51800,110,NAC Aviation 30 Limited,Gardens International,Henry Street,Limerick,V94 4D83,Ireland,19000071,Aeroplane (land)
1558,AGZ,Embraer S.A.,EMB-135BJ,22500,12,Blue Square Aviation Group Malta Ltd.,Bethsaida House,Mdina Road,Qormi,QRM 9016,Malta,14500999,Aeroplane (land)
506,AHA,The Boeing Company,Boeing 737-505,52843,50,Air X Charter Limited,The Old Treasury Building,Saint Angelo Waterfront,Vittoriosa,BRG 1721,Malta,24647,Aeroplane (land)
1488,AHQ,AIRBUS S.A.S.,A330-343,242000,180+10,Airhub Airlines Limited,Aragon House Business Centre,DragonaraRoad,St. Julian’s,STJ 3140,Malta,1754,Aeroplane (land)
897,AHS,Airbus S.A.S.,A320-214,77000,180+10,Air Malta p.l.c.,SkyParks Business Centre Level 2,Malta International Airport,Luqa,LQA4000,Malta,5086,Aeroplane (land)
1437,AHU,The Boeing Company,777-200,286897,,Fortress Ireland Leasing Limited,"4450, Atlantic Avenue",Westpark,Shannon,,Ireland,28681,Aeroplane (land)
1927,AHUB,Airbus S.A.S.,A340-313,275000,,Airhub Airlines Limited,Aragon House Business Centre,Dragonara Road,St. Julians,STJ 3140,Malta,0835,Aeroplane (land)
1438,AHV,The Boeing Company,777-200,286897,,Ballymoon Aircraft Solutions Limited,"4450, Atlantic Avenue",Westpark,Shannon,,Ireland,28686,Aeroplane (land)
2248,AIA,Gulfstream Aerospace Corp.,GVI,46993,,"Shandong Weiqiao Aluminium & Electricity Co., Ltd.",Sixth Industry Road,,,,PRC,6387,Aeroplane (land)
1674,AIP,Embraer S.A.,EMB-135BJ,22500,17,Blue Square Aviation Group Malta Ltd.,Bethsaida House,Mdina Road,Qormi,QRM 9016,Malta,14500952,Aeroplane (land)
1675,AIQ,Embraer S.A.,EMB-135BJ,22500,17,Blue Square Aviation Group Malta Ltd.,Bethsaida House,Mdina Road,Qormi,QRM 9016,Malta,14500942,Aeroplane (land)
1682,AIS,Embraer S.A.,EMB-135BJ,22500,17,Blue Square Aviation Group Malta Ltd.,Bethsaida House,Mdina Road,Qormi,QRM 9016,Malta,14500825,Aeroplane (land)
1684,AIT,ATR GIE Avions de Transport Régional,ATR 72-500,22800,74+5,NAC Aviation 3 Ltd,Gardens Internatioal,Henry Street,Limerick,V94 4D83,Ireland,785,Aeroplane (land)
1685,AIU,ATR GIE Avions de Transport Régional,ATR 72-500,50300,,NAC Aviation 8 Ltd,Gardens Internatioal,Henry Street,Limerick,V94 4D83,Ireland,789,Aeroplane (land)
1702,AIW,Embraer S.A.,ERJ 190-100 LR,50300,117,NAC Aviation 30 Ltd,Gardens Internatioal,Henry Street,Limerick,V94 4D83,Ireland,19000048,Aeroplane (land)
1739,AIY,Airbus S.A.S.,A380-861,531000,,DS-RENDITE-FONDS NR. 137 FLUGZEUGFONDS XII GMBH & CO. KG,STOCKHOLMER ALLEE 53,,DORTMUND,44269,Germany,0052,Aeroplane (land)
1826,AJB,Airbus S.A.S.,A320-214,77000,,SASOF II ( C ) Aviation Ireland Limited,32 Molesworth Street,,Dublin 2,,Ireland,01615,Aeroplane (land)
1827,AJC,Airbus S.A.S.,A320-214,77000,,SASOF II ( C ) Aviation Ireland Limited,32 Molesworth Street,,Dublin 2,,Ireland,01637,Aeroplane (land)
1829,AJE,Airbus S.A.S.,A320-232,73500,,Wilmington Trust SP Services (Dublin) Limited,"Fourth Floor, 3 George's Dock",Intenational Financial Services Centre,Dublin 1,,Ireland,6735,Aeroplane (land)
1847,AJF,Airbus S.A.S.,A320-232,73500,164+5+4,Wilmington Trust SP Services (Dublin) Limited,"Fourth Floor, 3, George's Dock",IFSC,Dublin 1,,Ireland,06785,Aeroplane (land)
1909,AJI,Airbus S.A.S.,A330-243,233000,,Airbus S.A.S.,"2, Rond-Point Emile Dewoitne",,Blagnac,31700,France,785,Aeroplane (land)
1963,AJM,Airbus S.A.S.,A320-232,73500,,SASOF IV (A5) Aviation Ireland DAC,Connaught House,1 Burlington Road,Dublin 4,,Ireland,03812,Aeroplane (land)
1982,AJN,Airbus S.A.S.,A330-243,233000,,Airbus S.A.S.,2 Rond Point Emile Dewoitine,,Blagnac,31700,France,0810,Aeroplane (land)
2096,AJP,Airbus S.A.S.,A330-243,233000,,AIRBUS SAS,2 Rond-point Emile Dewoitine,,Blagnac,31700,France,0797,Aeroplane (land)
2069,AJQ,Airbus S.A.S.,A330-243,,,Airbus S.A.S.,"2, Rond-point Emile Dewoitine",,Blagnac,31700,France,0815,Aeroplane (land)
2070,AJR,ATR-GIE Avions de Transport Regional,ATR 72-212,21500,,Executive Jets Support Ltd,Vincients Road,Bumpers Industrial Estate,Chippenham,SN14 6NQ,United Kingdom,369,Aeroplane (land)
2071,AJS,ATR-GIE Avions de Transport Regional,ATR 42-320,21500,,Executive Jet Support Limited,Vincients Road,Bumpers Industrial Estate,Chippenham,SN4 6NQ,United Kingdom,141,Aeroplane (land)
584,AJW,The Boeing Company,Boeing 737-300,63276,133+8,Blue Bird Airways SA,Heraklion International Airport,"""N.Kazantzakis""",Heraklion,P.C.71601,Greece,28733,Aeroplane (land)
1724,AKC,Airbus SAS,A321-231,3527,,International Lease Finance Corporation,830 Brickell Plaza,Suite 5000,Miami,33131,United States of America,89000,Aeroplane (land)
1841,ALD,Bombardier Inc.,CL-600-2B16,21864,9+3,Hyperion Aviation Ltd.,SkyParks Business Centre,Malta International Airport,Luqa,LQA 4000,Malta,5764,Aeroplane (land)
1994,ALE,De Havilland Aircraft of Canada Limited,DHC-8-402,,,Luxwing Limited,"15, Level 2",Mannarinu Road,Birkirkara,BKR 9080,Malta,4326,Aeroplane (land)
900,ALI,The Boeing Company,Boeing 737-300,63277,,AFD ABL Aviation 28668 Ltd.,"Mill Mall Suite 6, Wickhams Cay 1",PO Box 3085,Road Town,,British Virgin Islands,28668,Aeroplane (land)
2011,ALK,Cirrus Design Corporation,SR 22,1542,,Mr Alexey Aleexevich Kirienko,"Fort Cambridge, Block East 4","Flat 1401, Tigne Street",Sliema,SLM 3175,Malta,1774,Aeroplane (land)
236,ALL,Textron Aviation Inc.,Cessna 525A,5613,8,Luxwing Ltd.,"15, level 2",Mannarinu road,Birkirkara,BKR 9080,Malta,525A-0005,Aeroplane (land)
1728,ALM,De Havilland Aircraft of Canada Limited,DHC-8-102,15649,19+3,Air CM Global Limited,"G.B. Buildings, Level 2",Triq il-Watar,Ta’ Xbiex,XBX 1301,Malta,472,Aeroplane (land)
1106,AMB,Airbus S.A.S.,A320-212,75500,180+6,Avion Express Malta Ltd,"29/14, Vincenti Buildings",Strait Street,Valletta,VLT 1432,Malta,0528,Aeroplane (land)
1547,AMD,Airbus S.A.S.,A321-231,89000,180+10,Avion Express Malta Ltd,Nu Bis Centre,Mosta Road,Lija,LJA 9012,Malta,01421,Aeroplane (land)
1567,AME,Airbus S.A.S.,A321-231,93000,220+12,Avion Express Malta Ltd,Nu Bis Centre,Mosta Road,Lija,LJA 9012,Malta,02234,Aeroplane (land)
244,AMF,Bombardier Inc.,BD-700-1A10,45132,13+4,Hyperion Aviation Ltd.,SkyParks Business Centre,Malta International Airport,Luqa,LQA 4000,Malta,9437,Aeroplane (land)
1639,AMG,Airbus S.A.S.,A321-211,89000,220+12,Avion Express Malta Ltd,Nu Bis Centre,Mosta Road,Lija,LJA 9012,Malta,02115,Aeroplane (land)
1640,AMH,Airbus S.A.S.,A320-232,77000,180+9,Avion Express Malta Ltd,Nu Bis Centre,Mosta Road,Lija,LJA 9012,Malta,02173,Aeroplane (land)
1641,AMI,Airbus S.A.S.,A320-232,73500,180+10,Avion Express Malta Ltd,Nu Bis Centre,Mosta Road,Lija,LJA 9012,Malta,03409,Aeroplane (land)
1642,AMJ,Airbus S.A.S.,A320-232,73500,180+8,Avion Express Malta Ltd,Nu Bis Centre,Mosta Road,Lija,LJA 9012,Malta,03531,Aeroplane (land)
1734,AMK,Airbus S.A.S.,A320-232,73500,180+8,Avion Express Malta Ltd,Nu Bis Centre,Mosta Road,Lija,LJA 9012,Malta,03562,Aeroplane (land)
1735,AML,Airbus S.A.S.,A320-232,77000,180+4+2+2,Avion Express Malta Ltd,Nu Bis Centre,Mosta Road,Lija,LJA 9012,Malta,02594,Aeroplane (land)
1736,AMM,Airbus S.A.S.,A320-232,77000,,UMB Bank N.A. (as owner trustee),6220 S. Millrock Drive,Suite 400,Salt Lake City,84121,USA,03125,Aeroplane (land)
822,AMN,Bombardier Inc.,BD-700-1A11,41957,12+4,Emperor Aviation Ltd.,"W Business Centre, Level 3",Triq Karmenu Pirotta,Birkirkara,BKR 1114,Malta,9324,Aeroplane (land)
1486,AMO,Gulfstream Aerospace Corp.,GIV-X,33838,13+2+1,Elitavia Malta Limited,Safi Aviation Park,Triq Carmelo Caruana,Safi,SFI 1721,Malta,4018,Aeroplane (land)
1777,AMP,Airbus S.A.S.,A320-232,77000,180+4+2+2,Avion Express Malta Ltd,Nu Bis Centre,Mosta Road,Lija,LJA 9012,Malta,2663,Aeroplane (land)
1844,AMQ,Airbus S.A.S.,A321-211,89000,220+12,Wilmington Trust SP Services (Dublin) Limited,"Fourth Floor, 3, George's Dock",IFSC,Dublin 1,D01 X5X0,Ireland,03267,Aeroplane (land)
1843,AMR,Airbus S.A.S.,A321-211,89000,220+12,Avion Express Malta Ltd,Nu Bis Centre,Mosta Road,Lija,LJA 9012,Malta,03334,Aeroplane (land)
1780,AMU,AIRBUS S.A.S.,A320-232,73500,,Avion Express Malta Ltd,Nu Bis Centre,Mosta Road,Lija,LJA 9012,Malta,04174,Aeroplane (land)
1781,AMV,Airbus S.A.S.,A320-232,,,Avion Express Malta Ltd,Nu Bis Centre,Mosta Road,Lija,LJA 9012,Malta,02914,Aeroplane (land)
710,AMW,The Boeing Company,Boeing 737-400,68000,168,Air Horizont Ltd,"49-50, Ix-Xatt ta' Xbiex (Seafront)",,Msida,MSD 1515,Malta,26281,Aeroplane (land)
1842,AMX,Airbus S.A.S.,A320-232,77000,,Avion Express Malta Limited,Nu Bis Centre,Mosta Road,Lija,LJA 9012,Malta,04421,Aeroplane (land)
758,AMY,Bombardier Inc.,CL-600-2B19 (Regional Jet Series 100),23995,13+3,Air X Charter Limited,"SmartCity Malta, Buliding SCM01, 4th Floor",Units 401-403,Ricasoli,SCM 001,Malta,8043,Aeroplane (land)
648,AMZ,Bombardier Inc.,BD-700-1A10,45132,16+4,Comlux Malta Limited,Villa Margherita,Ta' Xbiex Terrace,Ta' Xbiex,XBX 1035,Malta,9656,Aeroplane (land)
1434,ANS,Bombardier Inc.,BD-700-1A10,45132,13+2+1+1,Alliance Executive Jets Limited,"Level 17, Portomaso Business Tower","Portomaso Avenue, Portomaso",St. Julians,STJ 4011,Malta,9537,Aeroplane (land)
1211,AOA,Textron Aviation Inc.,Cessna 680A (Latitude),13971,9+2,Albinati Aviation Ltd.,Aragon House Business Centre,Dragonara Road,St. Julian's,STJ 3140,Malta,680A-0070,Aeroplane (land)
933,ARE,Bombardier Inc.,BD-700-1A11,41597,12+3,Albinati Aviation Ltd.,Aragon House Business Centre,Dragonara Road,St. Julians,STJ 3140,Malta,9174,Aeroplane (land)
1244,ARK,Bombardier Inc.,BD-700-1A10,45132,17,Emperor Aviation Ltd.,"W Business Centre, Level 3",Triq Karmenu Pirotta,Birkirkara,BKR 1114,Malta,60011,Aeroplane (land)
1008,ASB,Bombardier Inc.,BD-700-1A11,40687,13+2,TAG Aviation (Malta) Ltd.,"2, Triq il-Kuncizzjoni",,San Gwann,SGN 1425,Malta,9273,Aeroplane (land)
1710,ASU,Textron Aviation Inc.,Cessna S550,6849,8+2,Hyperion Aviation Limited,SkyParks Business Centre,Malta International Airport,Luqa,LQA 4000,Malta,S550-0028,Aeroplane (land)
810,AVA,Bombardier Inc.,BD-700-1A11,45957,16,Hyperion Aviation Limited,SkyParks Business Centre,Malta International Airport,Luqa,LQA 3290,Malta,9633,Aeroplane (land)
1798,AVK*,AIRBUS S.A.S.,A320-251N,79000,,Comlux Malta Limited,Villa Margherita,Ta' Xbiex Terrace,Ta' Xbiex,XBX 1035,Malta,09455,Aeroplane (land)
410,AVM,The Boeing Company,Boeing 757-200,99790,62,JetMagic Ltd.,San Juan,"116/8, St. George’s Road",St. Julian's,STJ 3203,Malta,24527,Aeroplane (land)
1933,AXL*,Cirrus Design Corporation,SR22T,1633,4,AXL Affiliates Ltd.,"Abacus Business Centre, Level 1","Dun Karm Street, B'Kara Bypass",Birkirkara,BKR 9037,Malta,2431,Aeroplane (land)
1649,AXO,Bombardier Inc.,CL-600-2B16,21863,12,VistaJet Limited,SkyParks Business Centre,Malta International Airport,Luqa,LQA 4000,Malta,5396,Aeroplane (land)
1056,AYS,Bombardier Inc.,BD-700-1A10,43091,17,Air CM Global Limited,"GB Buildings, Floor 2",Triq il- Watar,Ta' Xbiex,XBX 1301,Malta,9094,Aeroplane (land)
1719,AZA,The Boeing Company,747-428,396893,465+23,Air Atlanta Europe Limited,"MK Business Centre, 115A, Level 2",Valley Road,Birkirkara,BKR 9022,Malta,32871,Aeroplane (land)
1720,AZB,The Boeing Company,747-400,396893,,Air Atlanta Europe Limited,"MK Business Centre, 115A, Level 2",Valley Road,Birkirkara,BKR 9022,Malta,32869,Aeroplane (land)
1721,AZC,The Boeing Company,747-400,394625,,Air Atlanta Europe Limited,"MK Business Centre, 115A, Level 2",Valley Road,Birkirkara,BKR 9022,Malta,29900,Aeroplane (land)
2244,AZZA,Bombardier Inc.,CL-600-2B16,21863,12+3,Alliance Executive Jets Limited,"Level 17, Portomaso Tower","Portomaso Avenue, Portomaso",St. Julians,STJ 4011,Malta,5968,Aeroplane (land)
1751,BAS,Piper Aircraft Inc.,PA-46-500TP (Malibu Meridien),2310,,Air4U Srl,Via Adua 3,,Verona,I-37121,Italy,4697496,Aeroplane (land)
1797,BBH,Gulfstream Aerospace Corp.,Gulfstream GVI G650,45177,19,Elitavia Malta Ltd.,Safi Aviation Park,Carmelo Caruana Road,Safi,SFI 1721,Malta,6132,Aeroplane (land)
219,BCP,Learjet Inc.,Learjet 45,9752,9+2,Air CM Global Limited,"High Rise, Floor 1",Triq l-Imradd,Ta' Xbiex,XBX 1150,Malta,45-0287,Aeroplane (land)
1643,BEL,De Havilland Aircraft of Canada Limited,DHC-8-402,29257,78,LUXWING Limited,"15, Level 2",Mannarinu Road,Birkirkara,BKR9080,Malta,4230,Aeroplane (land)
1475,BFS,Airbus S.A.S.,A330-203,233000,363,Maleth Aero AOC Limited,"Apron 3, Security Gate 1",Malta International Airport,Luqa,LQA 3290,Malta,472,Aeroplane (land)
1435,BGK,Bombardier Inc.,CL-600-2B19,23995,14+3,Blue Square Aviation Group Malta Ltd.,Bethsaida House,Mdina Road,Qormi,QRM 9016,Malta,8092,Aeroplane (land)
1757,BHD,Airbus S.A.S.,A320-251N,79000,,Albinati Aviation Ltd.,Aragon House Business Centre,Dragonara Road,St. Julians,STJ 3140,Malta,10618,Aeroplane (land)
678,BIG,Airbus S.A.S.,A340-312,260000,100+12,Air X Charter Limited,"SmartCity Malta, Buliding SCM01, 4th Floor",Units 401-403,Ricasoli,SCM 001,Malta,374,Aeroplane (land)
932,BLU,Costruzioni Aeronautiche TECNAM S.p.A.,Tecnam P2010,1160,4,Malta Aircraft Leasing Limited,"Block 2, Number 15",Mediterranean Street,Valletta,VLT 1720,Malta,060,Aeroplane (land)
550,BOO,Bombardier Inc.,CL-600-2B19,23995,15+3,Air X Charter Limited,,,,,Malta,8051,Aeroplane (land)
621,BSA,Hawker Beechcraft,Hawker 750,12247,11,Hyperion Aviation Ltd.,,,,,Malta,HB-24,Aeroplane (land)
1424,BSG,Bombardier Inc.,CL-600-2B19 (Regional Jet Series 100),23995,18,Blue Square Aviation Group Malta Ltd.,,,,,Malta,8071,Aeroplane (land)
972,CAA,Gulfstream Aerospace Corp.,Gulfstream GVI,45177,14+2,Avcon Jet Malta Ltd.,,,,,Malta,6350,Aeroplane (land)
871,CAM,Avions Pierre Robin,HR 100-210,1250,,Mr. Francois Celier,,,,,Malta,170,Microlight
1551,CAP,Piaggio Aero Industries SpA,P.180 Avanti II,5489,8,JMC Flight Investments ApS,,,,,Denmark,1153,Aeroplane (land)
814,CBB,Textron Aviation Inc.,Cessna 340A,2853,6,Stefan Kewitz,,,,,Austria,340A-0441,Aeroplane (land)
1744,CCH,Bombardier Inc.,CL-600-2B16,21863,12+2,TAG Aviation (Malta) Limited,,,,,Malta,6130,Aeroplane (land)
702,CFL,Learjet Inc.,Learjet 45,9231,7+2,LEADER S.r.L,,,,,Italy,45-2024,Aeroplane (land)
1749,CFS,Airbus S.A.S.,A330-223,233000,,,,,,,,970,Aeroplane (land)
1417,CGA,Airbus S.A.S.,A321-211,89000,5 crew,,,,,,,00891,Aeroplane (land)
1493,CGB,Airbus S.A.S.,A321-211,89000,,,,,,,,01017,Aeroplane (land)
1983,CGE,Airbus S.A.S,A321-211,89000,,,,,,,,0941,Aeroplane (land)
766,CGF,Piper Aircraft Inc.,Piper PA-46-500TP,2310,5+1,,,,,,,4697504,Aeroplane (land)
1984,CGG,Airbus S.A.S,A321-211,89000,,,,,,,,0961,Aeroplane (land)
1988,CHI,The Boeing Company,737-8,82190,,,,,,,,60459,Aeroplane (land)
987,CIE,Cirrus Design Corporation,SR22,1542,4,,,,,,,3237,Aeroplane (land)
340,CIO,Bombardier Inc.,BD-700-1A10,45132,17,,,,,,,9535,Aeroplane (land)
2216,CLD,Dassault Aviation,Falcon 100,8745,7,,,,,,,208,Aeroplane (land)
551,CLG,Bombardier Inc.,CL-600-2B19 (Regional Jet 100),23995,12+3,,,,,,,8063,Aeroplane (land)
1055,CRI,The Boeing Company,Boeing 737-800,79015,199,,,,,,,30567,Aeroplane (land)
1711,CTG,De Havilland Aircraft of Canada Limited,DHC-8-102,15650,37,,,,,,,222,Aeroplane (land)
353,CUB,Piper Aircraft Inc.,Piper J3C-65,450,2,,,,,,,11883,Aeroplane (land)
1250,CXA,The Boeing Company,737-800,79015,189+6+4,,,,,,,42804,Aeroplane (land)
1251,CXB,The Boeing Company,737-800,79015,189+6+4,,,,,,,42799,Aeroplane (land)
1600,CXC,The Boeing Company,BOEING 737-800,79015,189+6+4,,,,,,,39434,Aeroplane (land)
1885,CXD,The Boeing Company,737-800,79015,189+8,,,,,,,38308,Aeroplane (land)
1886,CXE,The Boeing Company,Boeing 737-800,,,,,,,,,,
1887,CXF,The Boeing Company,737-800,79015,,,,,,,,40263,Aeroplane (land)
1888,CXG,The Boeing Company,737-800,,,,,,,,,37254,Aeroplane (land)
2074,CXH,The Boeing Company,737-800,,,,,,,,,60177,Aeroplane (land)
2278,DCD,Dassault Aviation SA,Falcon 900EX,270,14+3,,,,,,,22226,Aeroplane (land)
842,DFS,Dassault Aviation SA,Mystère Falcon 50,17600,11,,,,,,,185,Aeroplane (land)
1785,DGB,Diamond Aircraft Indusries GmbH,DA 42 M-NG,1995,,,,,,,,42.M016,Aeroplane (land)
1786,DGM,Diamond Aircraft Indusries GmbH,DA 62,2300,7,,,,,,,62.165,Aeroplane (land)
2276,DGN,Diamond Aircraft Indusries GmbH,DA 62,2300,,,,,,,,62.194,Aeroplane (land)
1559,DOM,Bombardier Inc.,CL-600-2B19,24300,15,,,,,,,8069,Aeroplane (land)
1098,DSW,The Boeing Company,Boeing 737-400,68038,168+crew,,,,,,,26066,Aeroplane (land)
1045,DUV,Dassault Aviation SA,Falcon 2000 EX Easy,19142,13,,,,,,,039,Aeroplane (land)
951,EAA,Textron Aviation Inc.,Cessna 560XL (Citation XLS),9163,10,,,,,,,560-6170,Aeroplane (land)
1427,EAL,Airbus S.A.S.,A340-642,368000,328,,,,,,,0622,Aeroplane (land)
1344,EDT,Bombardier Inc.,BD-100-1A10,18416,12,,,,,,,20650,Aeroplane (land)
983,EFA,Piper Aircraft Inc.,Piper PA-28-161,1107,4,,,,,,,28-42162,Aeroplane (land)
2058,EFS*,Airbus S.A.S.,A330-202,233000,260,,,,,,,0489,Aeroplane (land)
1608,ELF,The Boeing Company,737-700,77564,18+6,,,,,,,30330,Aeroplane (land)
1516,ELO,Diamond Aircraft Indusries GmbH,DA 62,,,,,,,,,62.195,
888,EMS,Airbus Helicopters Deutschland GmbH,EC 135 T1,2835,7,,,,,,,0048,Helicopter
1332,EMU,Airbus S.A.S.,A320-214,77000,180,,,,,,,01087,Aeroplane (land)
1987,ETA,The Boeing Company,737-8,82190,,,,,,,,60458,Aeroplane (land)
1644,EVA,De Havilland Aircraft of Canada Limited,DHC-8-402 (Q400),29257,78+Crew,,,,,,,4237,Aeroplane (land)
579,FAB,Embraer S.A.,ERJ 190-100 ECJ,54500,19+6,,,,,,,19000534,Aeroplane (land)
717,FCA,Bombardier Inc.,BD-700-1A10,45132,14+3,,,,,,,9665,Aeroplane (land)
718,FCB,Dassault Aviation SA,Falcon 7X,31751,12+3,,,,,,,034,Aeroplane (land)
1174,FCM,Embraer S.A.,ERJ 190-100 ECJ,54500,19+6,,,,,,,19000641,Aeroplane (land)
616,FGV,Embraer S.A.,EMB-500,4750,4+2,,,,,,,50000193,Aeroplane (land)
1308,FHA,Airbus S.A.S.,A320-214,77400,190,,,,,,,4207,Aeroplane (land)
1010,FHB,Airbus S.A.S.,A320-214,77000,180+10,,,,,,,3025,Aeroplane (land)
1981,FHY,Airbus S.A.S.,A320-214,77000,180+Crew,,,,,,,3891,Aeroplane (land)
1825,FIVE,Airbus Canada Limited Partnership,BD-500-1A10,60781,,,,,,,,50062,Aeroplane (land)
652,FLN,Bombardier Inc.,BD-700-1A11,41957,14+ 3,,,,,,,9353,Aeroplane (land)
258,FLY,Piper Aircraft Inc.,Piper PA-28-161,1055,4,,,,,,,28-8116109,Aeroplane (land)
282,FMJ,Textron Aviation Inc.,Cessna T207A,1724,6,,,,,,,20700590,Aeroplane (land)
317,FOM,Embraer S.A.,EMB-500,4750,6,,,,,,,50000092,Aeroplane (land)
793,FOX,Airbus S.A.S.,A340-313,275000,267+13+2,,,,,,,0185,Aeroplane (land)
1097,FRA,The Boeing Company,Boeing 737-800,79015,199,,,,,,,30007,Aeroplane (land)
1128,FRM,Dassault Aviation SA,Falcon 10,8755,11,,,,,,,203,Aeroplane (land)
1091,FSJ,The Boeing Company,Boeing 737-800,78244,199,,,,,,,29888,Aeroplane (land)
1093,GAW,The Boeing Company,Boeing 737-800,78244,198,,,,,,,30072,Aeroplane (land)
1092,GAX,The Boeing Company,Boeing 737-800,78244,198,,,,,,,30073,Aeroplane (land)
2083,GEF,The Boeing Company,737-800,79000,,,,,,,,30286,Aeroplane (land)
687,GFI,Bombardier Inc.,BD-700-1A10,45132,17,,,,,,,9701,Aeroplane (land)
1090,GFP,The Boeing Company,Boeing 737-800,79015,199,,,,,,,29878,Aeroplane (land)
347,GGG,The Boeing Company,Boeing 737-700,77564,24,,,,,,,40119,Aeroplane (land)
1571,GIB,Embraer S.A.,EMB-135BJ,22500,12+3,,,,,,,14501209,Aeroplane (land)
1935,GKK,Airbus S.A.S.,A320-232,73500,,,,,,,,06865,Aeroplane (land)
1637,GKL,Airbus S.A.S.,A330-243,233000,,,,,,,,1293,Aeroplane (land)
1021,GKM,Textron Aviation Inc.,Cessna 560XL (Citation XLS),9163,11,,,,,,,560-5811,Aeroplane (land)
1363,GMD,Airbus Helicopters Deutschland GmbH,EC 135 T1,2835,7,,,,,,,026,Helicopter
1740,GMG,Textron Aviation Inc,Model 650 (Citation VII),10433,,,,,,,,650-7102,Aeroplane (land)
1520,GOA,Learjet Inc.,Learjet 60XR,10660,7+2,,,,,,,60-398,Aeroplane (land)
1919,GPM,Piaggio Aviation S.p.A,P.180 Avanti II,5489,,,,,,,,1200,Aeroplane (land)
1058,GRC,Dassault Aviation SA,Falcon 7X(F8X),33112,17,,,,,,,405,Aeroplane (land)
1747,GRS,Dassault Aviation SA,Falcon MF900,21111,15,,,,,,,078,Aeroplane (land)
1880,GSWAN,Dassault Aviation SA,Falcon 7X,31751,,,,,,,,220,Aeroplane (land)
691,GTC,The Boeing Company,Boeing 737-400,68000,168+6,,,,,,,27001,Aeroplane (land)
1767,GTS,AIRBUS S.A.S.,A320-232,77000,190,,,,,,,04384,Aeroplane (land)
724,GYN,Piper Aircraft Inc.,Piper PA-28-161,1054,4,,,,,,,28-8116204,Aeroplane (land)
690,HAM,Dassault Aviation SA,Falcon 2000EX,19414,9+3,,,,,,,245,Aeroplane (land)
1875,HANSA,The Boeing Company,Boeing 737-800,79015,189+8,,,,,,,37247,Aeroplane (land)
1087,HFA,Airbus S.A.S.,A330-223,233000,263,,,,,,,0874,Aeroplane (land)
1240,HFE,Airbus S.A.S.,A330-343,233000,302,,,,,,,1517,Aeroplane (land)
1243,HLY,The Boeing Company,Boeing 737-800,79242,189+10,,,,,,,30477,Aeroplane (land)
1598,HMJ,Dassault Aviation SA,Falcon 10,8755,7+2,,,,,,,225,Aeroplane (land)
1790,HOP,Airbus S.A.S.,A340-313,275000,8,,,,,,,938,Aeroplane (land)
1750,HUB,AIRBUS S.A.S.,A320-232,77000,190,,,,,,,04328,Aeroplane (land)
692,IAN,Costruzioni Aeronautiche TECNAM S.p.A.,Tecnam P2002JF,580,2,,,,,,,082,Aeroplane (land)
1565,IAR,Bombardier Inc.,CL-600-2B16,21863,11+3,,,,,,,5785,Aeroplane (land)
729,IBD,Bombardier Inc.,BD-700-1A11,41957,18,,,,,,,9401,Aeroplane (land)
1563,IBI,Bombardier Inc.,BD-700-2A12,52095,17,,,,,,,70061,Aeroplane (land)
1499,IBJ,Airbus S.A.S.,A320-232,77000,180,,,,,,,3259,Aeroplane (land)
884,ICE,Airbus S.A.S.,A318-112,68000,17+6,,,,,,,4503,Aeroplane (land)
1818,IFX,Embraer S.A.,EMB-550,19440,9,,,,,,,55020122,Aeroplane (land)
1848,IGGY,Cirrus Design Corporation,SR 22,1542,4,,,,,,,1863,Aeroplane (land)
422,IGH,Bombardier Inc.,BD-700-1A10,45132,18,,,,,,,9570,Aeroplane (land)
1504,IHD,Airbus S.A.S.,A320-232,77000,180,,,,,,,3270,Aeroplane (land)
1507,IHH,Airbus S.A.S.,A320-232,77000,180,,,,,,,2502,Aeroplane (land)
1505,IHL,Airbus S.A.S.,A320-232,77000,180,,,,,,,3105,Aeroplane (land)
431,III,Bombardier Inc.,BD-700-1A10,44452,17,,,,,,,9036,Aeroplane (land)
628,ILA,Bombardier Inc.,CL-600-2B19,23995,14+3,,,,,,,8101,Aeroplane (land)
892,ILB,Bombardier Inc.,CL-600-2B19,23995,14+3,,,,,,,8107,Aeroplane (land)
625,ILI,Bombardier Inc.,CL-600-2B19,23995,14+3,,,,,,,8048,Aeroplane (land)
629,ILV,Bombardier Inc.,CL-600-2B19,23995,14+3,,,,,,,8082,Aeroplane (land)
626,ILY,Bombardier Inc.,CL-600-2B19,23995,14+3,,,,,,,8076,Aeroplane (land)
627,ILZ,Bombardier Inc.,CL-600-2B19,23995,14+3,,,,,,,8086,Aeroplane (land)
1183,IRC,Bombardier Inc.,BD-700-1A10,45132,13,,,,,,,9860,Aeroplane (land)
2247,IRL,Textron Aviation Inc.,Cessna Citation 560XL,9072,,,,,,,,560-5228,Aeroplane (land)
1845,ITW,Gulfstream Aerospace Corporation,GVII,42910,16,,,,,,,73070,Aeroplane (land)
943,JAD,Bombardier Inc.,CL-600-2B19,23995,15+2+1,,,,,,,8060,Aeroplane (land)
795,JAI,Airbus S.A.S.,A340-313,275000,267+13+2,,,,,,,0236,Aeroplane (land)
2060,JANE,Gulfstream Aerospace Corp.,GV-SP,41277,13+4,,,,,,,5431,Aeroplane (land)
1554,JBC,Textron Aviation Inc.,King Air 200,56710,8,,,,,,,BB-194,Aeroplane (land)
1645,JCA,Textron Aviation Inc.,Model 200 King Air,5670,9 (Cargo Config) 10 (Pax Config),,,,,,,BB-716,Aeroplane (land)
1543,JCE,Honda Aircraft Company,HA-420,4853,4,,,,,,,42000056,Aeroplane (land)
1596,JFS,Airbus S.A.S.,A330-202,233000,37,,,,,,,466,Aeroplane (land)
1855,JFX,Embraer S.A.,EMB-500,19440,12,,,,,,,55020151,Aeroplane (land)
2078,JIVA,Dassault Aviation SA,Falcon 2000EX,18597,10+3,,,,,,,707,Aeroplane (land)
1125,JLK,Dassault Aviation SA,Falcon 7X,31751,15,,,,,,,044,Aeroplane (land)
1185,JOS,Textron Aviation Inc.,Cessna 560XL (Citation XLS),9163,8,,,,,,,560-5788,Aeroplane (land)
552,JOY,Bombardier Inc.,CL-600-2B19,24040,15+3,,,,,,,7644,Aeroplane (land)
336,JPC,Embraer S.A.,EMB-135BJ,22500,12+3,,,,,,,14501010,Aeroplane (land)
957,JSB,Dassault Aviation SA,Falcon 2000LXS,19414,10,,,,,,,336,Aeroplane (land)
1647,KAV,Gulfstream Aerospace Corp.,GV-SP,41277,17,,,,,,,5391,Aeroplane (land)
1993,KAX,Textron Aviation Inc.,525-1115,4852,,,,,,,,525-1115,Aeroplane (land)
1868,KFX,Embraer S.A.,EMB-550,19440,12,,,,,,,55020152,Aeroplane (land)
1564,KIM,Dassault Aviation SA,Falcon 7X,33112,15+3,,,,,,,404,Aeroplane (land)
1709,KOG,The Boeing Company,Boeing 787-9,252650,,,,,,,,63314,Aeroplane (land)
1714,KWA,The Boeing Company,Boeing 787-9,252650,,,,,,,,63315,Aeroplane (land)
1513,LAJ,Airbus S.A.S.,A320-232,77000,180,,,,,,,2288,Aeroplane (land)
1443,LAR,Gulfstream Aerospace LP,Gulfstream G150,11839,9,,,,,,,238,Aeroplane (land)
1514,LAX,Airbus S.A.S.,A320-214,77000,180,,,,,,,3272,Aeroplane (land)
1916,LBS,Diamond Aircraft Industries GmbH,DA 62,2300,5,,,,,,,185,Aeroplane (land)
831,LDN,Bombardier Inc.,BD-700-1A10,45132,17,,,,,,,9754,Aeroplane (land)
335,LEO,Textron Aviation Inc.,Cessna 550 (Citation II),6033,11,,,,,,,550-0139,Aeroplane (land)
1928,LEON,Airbus S.A.S.,A330-302,230000,323,,,,,,,0769,Aeroplane (land)
1477,LFS,Airbus S.A.S.,A330-203,233000,19+4,,,,,,,871,Aeroplane (land)
1856,LFX,Embraer S.A.,EMB-550,17400,11,,,,,,,55020154,Aeroplane (land)
762,LGM,Embraer S.A.,EMB-500,4750,5+2,,,,,,,50000187,Aeroplane (land)
1288,LIV,Airbus S.A.S.,A319-115,76500,180,,,,,,,3513,Aeroplane (land)
1446,LMB,Airbus S.A.S.,A320-232,77000,180,,,,,,,2859,Aeroplane (land)
1447,LMC,Airbus S.A.S.,A320-214,73500,180,,,,,,,3063,Aeroplane (land)
962,LMG,Airbus S.A.S.,A320-232,77000,180,,,,,,,4603,Aeroplane (land)
1451,LMH,Airbus S.A.S.,A320-214,73500,180,,,,,,,5015,Aeroplane (land)
1452,LMI,Airbus S.A.S.,A320-214,73500,180,,,,,,,5081,Aeroplane (land)
1453,LMJ,Airbus S.A.S.,A320-214,73500,180,,,,,,,5140,Aeroplane (land)
1457,LMP,Airbus S.A.S.,A320-214,77000,180,,,,,,,3616,Aeroplane (land)
1461,LMT,Airbus S.A.S.,A320-214,73500,180,,,,,,,2656,Aeroplane (land)
1715,LNP,The Boeing Company,BOEING 787-9,252650,,,,,,,,63310,Aeroplane (land)
1716,LNS,The Boeing Company,BOEING 787-9,252650,,,,,,,,63311,Aeroplane (land)
1708,LNU,The Boeing Company,Boeing 787-9,252650,,,,,,,,63313,Aeroplane (land)
1717,LNV,The Boeing Company,787-9,252650,,,,,,,,63312,Aeroplane (land)
1511,LOA,Airbus S.A.S.,A320-214,73500,180,,,,,,,3147,Aeroplane (land)
1502,LOB,Airbus S.A.S.,A320-232,77000,180,,,,,,,2928,Aeroplane (land)
1497,LOI,Airbus S.A.S.,A320-214,77000,180,,,,,,,2994,Aeroplane (land)
1501,LOM,Airbus S.A.S.,A320-232,77000,180,,,,,,,2984,Aeroplane (land)
1498,LON,Airbus S.A.S.,A320-214,77000,180,,,,,,,3048,Aeroplane (land)
1506,LOO,Airbus S.A.S.,A320-214,73500,180,,,,,,,3027,Aeroplane (land)
1509,LOP,Airbus S.A.S.,A320-232,77000,180,,,,,,,1566,Aeroplane (land)
1510,LOQ,Airbus S.A.S.,A320-214,73500,180,,,,,,,3131,Aeroplane (land)
1496,LOR,Airbus S.A.S.,A320-214,73500,180,,,,,,,3206,Aeroplane (land)
1503,LOS,Airbus S.A.S.,A320-214,73500,180,,,,,,,3153,Aeroplane (land)
1500,LOT,Airbus S.A.S.,A320-232,77000,180,,,,,,,2522,Aeroplane (land)
1494,LOU,Airbus S.A.S.,A320-214,73500,180,,,,,,,3132,Aeroplane (land)
1512,LOW,Airbus S.A.S.,A320-232,77000,180,,,,,,,2252,Aeroplane (land)
1508,LOY,Airbus S.A.S.,A320-232,77000,180,,,,,,,2161,Aeroplane (land)
1495,LOZ,Airbus S.A.S.,A320-232,77000,180,,,,,,,2838,Aeroplane (land)
1910,LPZ,Embraer S.A.,EMB-550,17400,12,,,,,,,55000035,Aeroplane (land)
1883,LQA,Costruzioni Aeronautich TECNAM S.p.A.,P92-JS,600,2,,,,,,,079,Aeroplane (land)
1527,LXR,Learjet Inc.,Learjet 60XR,10319,9,,,,,,,60-362,Aeroplane (land)
660,LXX,Bombardier Inc.,BD-700-1A10,45132,18,,,,,,,9429,Aeroplane (land)
775,LZM,Gulfstream Aerospace Corp.,Gulfstream GVI,45177,17,,,,,,,6073,Aeroplane (land)
835,MAC,The Boeing Company,Boeing 737-500,57606,102,,,,,,,24968,Aeroplane (land)
1193,MAF,Bombardier Inc.,BD-700-2A12,52095,21,,,,,,,70014,Aeroplane (land)
905,MAG,Embraer S.A.,EMB-505,8340,11,,,,,,,50500446,Aeroplane (land)
994,MAO,Bombardier Inc.,BD-700-1A10,45132,17,,,,,,,9223,Aeroplane (land)
1782,MAS,Bombardier Inc.,BD-700-1A11,,,,,,,,,60064,Aeroplane (land)
1678,MAZ,Bombardier Inc.,BD-700-1A10,44452,14+2+1,,,,,,,9309,Aeroplane (land)
1484,MBA,Bombardier Inc.,BD-700-1A11,41957,12+3,,,,,,,9186,Aeroplane (land)
286,MDJ,Textron Aviation Inc.,Cessna U206G,1633,6,,,,,,,06537,Aeroplane (land)
1176,MDM,Textron Aviation Inc.,B1900D,7765,19+2,,,,,,,UE-385,Aeroplane (land)
1756,MEP,Costruzioni Aeronautiche TECNAM S.p.A.,P2006T,1230,4,,,,,,,326,Aeroplane (sea)
1476,MFS,Airbus S.A.S.,A330-203,233000,345,,,,,,,700,Aeroplane (land)
950,MIP,Airbus S.A.S.,A380-841,569000,471,,,,,,,0006,Aeroplane (land)
439,MIR,Bombardier Inc.,CL-600-2B16 (604 Variant),21863,12,,,,,,,5368,Aeroplane (land)
1846,MLA,Airbus S.A.S.,A320-200,,,,,,,,,04820,Aeroplane (land)
1890,MLB,Airbus S.A.S.,A320-232,77000,180+7,,,,,,,04491,Aeroplane (land)
1891,MLC,Airbus S.A.S.,A320-232,73500,,,,,,,,04645,Aeroplane (land)
1892,MLD,Airbus S.A.S.,A320-214,77000,,,,,,,,03601,Aeroplane (land)
1893,MLE,Airbus S.A.S.,A320-214,77000,180+8,,,,,,,04767,Aeroplane (land)
1345,MLH,Pipistrel doo Ajdovscina,Virus SW 121,600,2,,,,,,,SW 1210065,Aeroplane (land)
1899,MLL,Airbus S.A.S.,A320-214,77000,,,,,,,,5372,Aeroplane (land)
1969,MLP,Airbus S.A.S.,A320-232,73500,180+8,,,,,,,04109,Aeroplane (land)
1970,MLQ,Airbus S.A.S.,A320-232,73500,,,,,,,,04223,Aeroplane (land)
1971,MLR,Airbus S.A.S.,A320-232,73500,,,,,,,,04246,Aeroplane (land)
1972,MLS,Airbus S.A.S.,A320-232,73500,,,,,,,,04308,
576,MLT,Costruzioni Aeronautiche TECNAM S.p.A.,Tecnam P92-JS,600,2,,,,,,,136,Aeroplane (land)
1973,MLU,Airbus S.A.S.,A320-232,73500,,,,,,,,04621,Aeroplane (land)
2280,MLV,Airbus S.A.S,A320-233,77000,,,,,,,,04118,Aeroplane (land)
2059,MMO,Airbus S.A.S.,A320-232,77000,180,,,,,,,03577,Aeroplane (land)
1932,MOON,Dassault Aviation SA,Falcon 7X,31751,17,,,,,,,104,Aeroplane (land)
1050,MPR,Leonardo S.p.A.,109S,3175,8,,,,,,,22137,Aeroplane (land)
968,MPW,The Boeing Company,Boeing 737-400,68038,174,,,,,,,25417,Aeroplane (land)
617,MRQ,Learjet Inc.,Learjet 35A,8165,8+2,,,,,,,429,Aeroplane (land)
1426,MRV,Gulfstream Aerospace Corp.,GVII-500,36106,16,,,,,,,72047,Aeroplane (land)
1976,MRX,Airbus S.A.S.,A330-243,233000,,,,,,,,1224,Aeroplane (land)
2005,MSA,Airbus S.A.S.,A320-214,77400,132,,,,,,,04349,Aeroplane (land)
2055,MSB,Airbus S.A.S.,A320-214,,,,,,,,,04357,Aeroplane (land)
346,MSF,Costruzioni Aeronautiche TECNAM S.p.A.,Tecnam P92-JS,600,2,,,,,,,121,Aeroplane (land)
1636,MSK,The Boeing Company,BOEING 747-400,396893,8,,,,,,,27044,Aeroplane (land)
1436,MSS,Learjet Inc.,Learjet 45,9752,8+2+1,,,,,,,45-055,Aeroplane (land)
333,MTF,The Boeing Company,Boeing 737-329,63276,48+7,,,,,,,23774,Aeroplane (land)
1013,NEB,Airbus S.A.S.,A320-251N,77999,180+10,,,,,,,08940,Aeroplane (land)
1014,NEC,Airbus S.A.S.,A320-251N,77000,180+10,,,,,,,09049,Aeroplane (land)
1015,NED,Airbus S.A.S.,A320-251N,77000,180+10,,,,,,,10106,Aeroplane (land)
971,NEO,Airbus S.A.S.,A320-251N,77000,180+10,,,,,,,7875,Aeroplane (land)
1602,NFR,ATR GIE Avions de Transport Régional,ATR 72-212A,23000,76,,,,,,,1145,Aeroplane (land)
1603,NFT,ATR GIE Avions de Transport Régional,ATR 72-212A,23000,76,,,,,,,1198,Aeroplane (land)
1601,NFU,ATR GIE Avions de Transport Régional,ATR 72-212A,23000,76,,,,,,,1261,Aeroplane (land)
1921,NIK,Piaggio Aviation S.p.A.,P.180 Avanti II,,,,,,,,,1186,
1522,NIN,Bell,Bell 505,1669,4+2,,,,,,,6539,Helicopter
501,NOA,The Boeing Company,Boeing 737-300,63050,148+6,,,,,,,27457,Aeroplane (land)
1849,NTA,Airbus S.A.S.,A319-153N,78200,,,,,,,,010897,Aeroplane (land)
990,NYC,Embraer S.A.,ERJ 190-100 ECJ,54500,19+4,,,,,,,19000243,Aeroplane (land)
991,OJE,Bombardier Inc.,BD-700-1A11,41957,13+2+1,,,,,,,9679,Aeroplane (land)
947,OJS,Bombardier Inc.,BD-700-1A10,45132,14+4,,,,,,,9606,Aeroplane (land)
981,OKO,Gulfstream Aerospace Corp.,Gulfstream GVI,45178,14+3,,,,,,,6356,Aeroplane (land)
606,OLA,Diamond Aircraft Industries GmbH,DA 42,1785,4,,,,,,,42.320,Aeroplane (land)
507,OME,The Boeing Company,Boeing 737-505,52843,51,,,,,,,24274,Aeroplane (land)
1989,ONI,De Havilland Aircraft of Canada,DHC-8-102,15649,,,,,,,,318,Aeroplane (land)
1986,ORN,The Boeing Company,737-8,73391,,,,,,,,44863,Aeroplane (land)
1425,OST,Gulfstream Aerospace,GVII-500,36106,19,,,,,,,72044,Aeroplane (land)
1064,OVG,Bombardier Inc.,BD-700-1A10,45132,15+4,,,,,,,9622,Aeroplane (land)
796,OWL,Bombardier Inc.,CL-600-2B16 (604 Variant),21863,13,,,,,,,5939,Aeroplane (land)
529,PAL,Textron Aviation Inc.,Cessna 550 (Bravo),6713,10,,,,,,,550-0932,Aeroplane (land)
609,PAM,The Boeing Company,Boeing 737-300,58967,147+8,,,,,,,25744,Aeroplane (land)
2012,PARTS,Textron Aviation Inc.,B200GT,,,,,,,,,BY-46,Aeroplane (land)
232,PAT,Costruzioni Aeronautiche TECNAM S.p.A.,Tecnam P2006T,1230,4,,,,,,,091,Aeroplane (land)
1929,PAX,Airbus S.A.S.,A330-203,,,,,,,,,1161,Aeroplane (land)
1995,PET,De Havilland Aircraft of Canada Limited,DHC-8-402,28998,85,,,,,,,4106,Aeroplane (land)
197,PGH,Rotorway International,A-600N Talon,680,2,,,,,,,8055,Helicopter
922,PGS,Airbus S.A.S.,A340-642,380000,336,,,,,,,1030,Aeroplane (land)
840,PIC,Costruzioni Aeronautiche TECNAM S.p.A.,Tecnam P2002-JF,580,2,,,,,,,095,Aeroplane (land)
746,PIK,Textron Aviation Inc.,Cessna 550 (Citation II),6577,10,,,,,,,550-0324,Aeroplane (land)
1792,POP,Airbus S.A.S.,A330-343,235000,445,,,,,,,1445,Aeroplane (land)
1440,PPE,AIRBUS S.A.S.,A340-642,368000,328,,,,,,,0787,Aeroplane (land)
224,PPL,Costruzioni Aeronautiche TECNAM S.p.A.,Tecnam P2002-JF,600,2,,,,,,,029,Aeroplane (land)
1569,PRO,Bombardier Inc.,BD-700-1A10,45132,13+2+2,,,,,,,60029,Aeroplane (land)
1824,PTP,Airbus S.A.S.,A330-343,235000,451,,,,,,,1420,Aeroplane (land)
1138,QAA,The Boeing Company,Boeing 737-800,71990,189+10,,,,,,,44782,Aeroplane (land)
1139,QAB,The Boeing Company,Boeing 737-800,71990,189+10,,,,,,,44792,Aeroplane (land)
1140,QAC,The Boeing Company,Boeing 737-800,71990,189+10,,,,,,,44789,Aeroplane (land)
1141,QAD,The Boeing Company,Boeing 737-800,74990,189+10,,,,,,,44813,Aeroplane (land)
1142,QAE,The Boeing Company,Boeing 737-800,74990,189+10,,,,,,,44812,Aeroplane (land)
1143,QAF,The Boeing Company,Boeing 737-800,74990,189+10,,,,,,,44822,Aeroplane (land)
1144,QAG,The Boeing Company,Boeing 737-800,74990,189+10,,,,,,,44815,Aeroplane (land)
1145,QAH,The Boeing Company,Boeing 737-800,74990,189+10,,,,,,,44816,Aeroplane (land)
1146,QAI,The Boeing Company,Boeing 737-800,74990,189+10,,,,,,,44814,Aeroplane (land)
1148,QAJ,The Boeing Company,Boeing 737-800,74990,189+10,,,,,,,44817,Aeroplane (land)
1165,QAK,The Boeing Company,Boeing 737-800,71990,189+10,,,,,,,44793,Aeroplane (land)
1186,QAL,The Boeing Company,Boeing 737-800,71990,189+10,,,,,,,44790,Aeroplane (land)
1187,QAM,The Boeing Company,Boeing 737-800,71990,189+10,,,,,,,44794,Aeroplane (land)
1188,QAN,The Boeing Company,Boeing 737-800,71990,189+10,,,,,,,44795,Aeroplane (land)
1274,QAO,The Boeing Company,Boeing 737-800,74990,189+10,,,,,,,44691,Aeroplane (land)
1258,QAP,The Boeing Company,Boeing 737-800,74990,189+10,,,,,,,44689,Aeroplane (land)
1275,QAQ,The Boeing Company,Boeing 737-800,74990,189+10,,,,,,,44822,Aeroplane (land)
1260,QAR,The Boeing Company,Boeing 737-800,74990,189+10,,,,,,,44692,Aeroplane (land)
1297,QAS,The Boeing Company,Boeing 737-800,71990,189+10,,,,,,,44693,Aeroplane (land)
1309,QAT,The Boeing Company,Boeing 737-800,74990,189+10,,,,,,,44694,Aeroplane (land)
1349,QAU,The Boeing Company,Boeing 737-800,77990,189+10,,,,,,,44800,Aeroplane (land)
1366,QAV,The Boeing Company,Boeing 737-800,77990,189+10,,,,,,,44800,Aeroplane (land)
1372,QAW,The Boeing Company,Boeing 737-800,74990,189+10,,,,,,,44698,Aeroplane (land)
1371,QAX,The Boeing Company,Boeing 737-800,74990,189+10,,,,,,,44697,Aeroplane (land)
1336,QAY,The Boeing Company,Boeing 737-800,74990,189+10,,,,,,,44699,Aeroplane (land)
1352,QAZ,The Boeing Company,Boeing 737-800,74990,189+10,,,,,,,44700,Aeroplane (land)
1356,QBA,The Boeing Company,Boeing 737-800,77990,189+10,,,,,,,44802,Aeroplane (land)
1325,QBB,The Boeing Company,Boeing 737-800,71990,189+10,,,,,,,61576,Aeroplane (land)
1360,QBC,The Boeing Company,Boeing 737-800,77990,189+10,,,,,,,44803,Aeroplane (land)
1316,QBD,The Boeing Company,Boeing 737-800,71990,189+10,,,,,,,61579,Aeroplane (land)
1373,QBE,The Boeing Company,Boeing 737-800,66990,189+10,,,,,,,61577,Aeroplane (land)
1361,QBF,The Boeing Company,Boeing 737-800,77990,189+10,,,,,,,44801,Aeroplane (land)
1355,QBG,The Boeing Company,Boeing 737-800,77990,189+10,,,,,,,44804,Aeroplane (land)
1367,QBH,The Boeing Company,Boeing 737-800,77990,189+10,,,,,,,44703,Aeroplane (land)
1276,QBI,The Boeing Company,Boeing 737-800,71990,189+10,,,,,,,44705,Aeroplane (land)
1298,QBJ,The Boeing Company,Boeing 737-800,71990,189+10,,,,,,,44706,Aeroplane (land)
1396,QBK,The Boeing Company,Boeing 737-800,71990,189+10,,,,,,,44707,Aeroplane (land)
1232,QBL,The Boeing Company,Boeing 737-800,71990,189+10,,,,,,,44709,Aeroplane (land)
1256,QBM,The Boeing Company,Boeing 737-800,71990,189+10,,,,,,,44708,Aeroplane (land)
1233,QBN,The Boeing Company,Boeing 737-800,71990,189+10,,,,,,,44710,Aeroplane (land)
1236,QBO,The Boeing Company,Boeing 737-800,71990,189+10,,,,,,,44714,Aeroplane (land)
1218,QBP,The Boeing Company,Boeing 737-800,71990,189+10,,,,,,,44715,Aeroplane (land)
1235,QBQ,The Boeing Company,Boeing 737-800,71990,189+10,,,,,,,44713,Aeroplane (land)
1353,QBR,The Boeing Company,Boeing 737-800,71990,189+10,,,,,,,44716,Aeroplane (land)
1230,QBS,The Boeing Company,Boeing 737-800,71990,189+10,,,,,,,44711,Aeroplane (land)
1225,QBT,The Boeing Company,Boeing 737-800,71990,189+10,,,,,,,44717,Aeroplane (land)
1226,QBU,The Boeing Company,Boeing 737-800,71990,189+10,,,,,,,44712,Aeroplane (land)
1335,QBV,The Boeing Company,Boeing 737-800,71990,189+10,,,,,,,44722,Aeroplane (land)
1234,QBW,The Boeing Company,Boeing 737-800,71990,189+10,,,,,,,44719,Aeroplane (land)
1277,QBX,The Boeing Company,Boeing 737-800,71990,189+10,,,,,,,61580,Aeroplane (land)
1278,QBY,The Boeing Company,Boeing 737-800,71990,189+10,,,,,,,44720,Aeroplane (land)
1214,QBZ,The Boeing Company,Boeing 737-800,71990,189+10,,,,,,,44721,Aeroplane (land)
1351,QCA,The Boeing Company,Boeing 737-800,71990,189+10,,,,,,,44724,Aeroplane (land)
1227,QCB,The Boeing Company,Boeing 737-800,71990,189+10,,,,,,,44723,Aeroplane (land)
1263,QCC,The Boeing Company,Boeing 737-800,71990,189+10,,,,,,,44718,Aeroplane (land)
1301,QCD,The Boeing Company,Boeing 737-800,71990,189+10,,,,,,,44727,Aeroplane (land)
1369,QCE,The Boeing Company,Boeing 737-800,77990,189+10,,,,,,,44730,Aeroplane (land)
1279,QCF,The Boeing Company,Boeing 737-800,71990,189+10,,,,,,,44725,Aeroplane (land)
1290,QCG,The Boeing Company,Boeing 737-800,71990,189+10,,,,,,,44728,Aeroplane (land)
1257,QCH,The Boeing Company,Boeing 737-800,71990,189+10,,,,,,,44731,Aeroplane (land)
1264,QCI,The Boeing Company,Boeing 737-800,71990,189+10,,,,,,,44726,Aeroplane (land)
1262,QCJ,The Boeing Company,Boeing 737-800,71990,189+10,,,,,,,62690,Aeroplane (land)
1314,QCK,The Boeing Company,Boeing 737-800,71990,189+10,,,,,,,62691,Aeroplane (land)
1215,QCL,The Boeing Company,Boeing 737-800,71990,189+10,,,,,,,44732,Aeroplane (land)
1414,QCM,The Boeing Company,Boeing 737-800,71990,189+10,,,,,,,44737,Aeroplane (land)
1280,QCN,The Boeing Company,Boeing 737-800,74990,189+10,,,,,,,44833,Aeroplane (land)
1299,QCO,The Boeing Company,Boeing 737-800,71990,189+10,,,,,,,44733,Aeroplane (land)
1302,QCP,The Boeing Company,Boeing 737-800,71990,189+10,,,,,,,44734,Aeroplane (land)
1291,QCQ,The Boeing Company,Boeing 737-800,71990,189+10,,,,,,,44735,Aeroplane (land)
1307,QCR,The Boeing Company,Boeing 737-800,71990,189+10,,,,,,,44741,Aeroplane (land)
1217,QCS,The Boeing Company,Boeing 737-800,71990,189+10,,,,,,,44744,Aeroplane (land)
1265,QCT,The Boeing Company,Boeing 737-800,71990,189+10,,,,,,,44742,Aeroplane (land)
1327,QCU,The Boeing Company,Boeing 737-800,71990,189+10,,,,,,,62692,Aeroplane (land)
1303,QCV,The Boeing Company,Boeing 737-800,71990,189+10,,,,,,,44739,Aeroplane (land)
1324,QCW,The Boeing Company,Boeing 737-800,71990,189+10,,,,,,,44745,Aeroplane (land)
1267,QCX,The Boeing Company,Boeing 737-800,71990,189+10,,,,,,,44740,Aeroplane (land)
1228,QCY,The Boeing Company,Boeing 737-800,71990,189+10,,,,,,,44747,Aeroplane (land)
1354,QCZ,The Boeing Company,Boeing 737-800,71990,189+10,,,,,,,44748,Aeroplane (land)
1323,QDA,The Boeing Company,Boeing 737-800,71990,189+10,,,,,,,44750,Aeroplane (land)
1273,QDB,The Boeing Company,Boeing 737-800,71990,189+10,,,,,,,44751,Aeroplane (land)
1281,QDC,The Boeing Company,Boeing 737-800,71990,189+10,,,,,,,44752,Aeroplane (land)
1328,QDD,The Boeing Company,737-800,71990,189+10,,,,,,,44753,Aeroplane (land)
1397,QDE,The Boeing Company,Boeing 737-800,71990,189+10,,,,,,,44754,Aeroplane (land)
1306,QDF,The Boeing Company,Boeing 737-800,71990,189+10,,,,,,,44755,Aeroplane (land)
1216,QDG,The Boeing Company,Boeing 737-800,71990,189+10,,,,,,,44756,Aeroplane (land)
1358,QDH,The Boeing Company,Boeing 737-800,71990,189+10,,,,,,,44757,Aeroplane (land)
1322,QDI,The Boeing Company,Boeing 737-800,71990,189+10,,,,,,,44758,Aeroplane (land)
1338,QDJ,The Boeing Company,Boeing 737-800,71990,189+10,,,,,,,44759,Aeroplane (land)
1399,QDK,The Boeing Company,Boeing 737-800,71990,189+10,,,,,,,44760,Aeroplane (land)
1339,QDL,The Boeing Company,Boeing 737-800,71990,189+10,,,,,,,44761,Aeroplane (land)
1370,QDM,The Boeing Company,Boeing 737-800,71990,189+10,,,,,,,44762,Aeroplane (land)
1329,QDN,The Boeing Company,Boeing 737-800,71990,189+10,,,,,,,44763,Aeroplane (land)
1395,QDO,The Boeing Company,Boeing 737-800,71990,189+10,,,,,,,44764,Aeroplane (land)
1400,QDP,The Boeing Company,Boeing 737-800,71990,189+10,,,,,,,44765,Aeroplane (land)
1359,QDQ,The Boeing Company,Boeing 737-800,71990,189+10,,,,,,,44766,Aeroplane (land)
1333,QDR,The Boeing Company,Boeing 737-800,71990,189+10,,,,,,,44767,Aeroplane (land)
1334,QDS,The Boeing Company,Boeing 737-800,71990,189+10,,,,,,,44768,Aeroplane (land)
1282,QDT,The Boeing Company,Boeing 737-800,71990,189+10,,,,,,,44769,Aeroplane (land)
1350,QDU,The Boeing Company,Boeing 737-800,71990,189+10,,,,,,,44770,Aeroplane (land)
1368,QDV,The Boeing Company,Boeing 737-800,77990,189+10,,,,,,,44771,Aeroplane (land)
1398,QDW,The Boeing Company,Boeing 737-800,71990,189+10,,,,,,,44772,Aeroplane (land)
1364,QDX,The Boeing Company,Boeing 737-800,71990,189+10,,,,,,,44773,Aeroplane (land)
1311,QDY,The Boeing Company,Boeing 737-800,71990,189+10,,,,,,,44781,Aeroplane (land)
1337,QDZ,The Boeing Company,Boeing 737-800,71990,189+10,,,,,,,44788,Aeroplane (land)
1415,QEA,The Boeing Company,Boeing 737-800,71990,189+10,,,,,,,44784,Aeroplane (land)
1254,QEB,The Boeing Company,Boeing 737-800,71990,189+10,,,,,,,44808,Aeroplane (land)
1357,QEC,The Boeing Company,Boeing 737-800,74990,189+10,,,,,,,44818,Aeroplane (land)
1312,QED,The Boeing Company,Boeing 737-800,74990,189+10,,,,,,,44820,Aeroplane (land)
1326,QEE,The Boeing Company,Boeing 737-800,71990,189+10,,,,,,,44819,Aeroplane (land)
1229,QEF,The Boeing Company,Boeing 737-800,74990,189+10,,,,,,,44824,Aeroplane (land)
1304,QEG,The Boeing Company,Boeing 737-800,74990,189+10,,,,,,,44821,Aeroplane (land)
1231,QEH,The Boeing Company,Boeing 737-800,74990,189+10,,,,,,,44823,Aeroplane (land)
1255,QEI,The Boeing Company,Boeing 737-800,74990,189+10,,,,,,,44828,Aeroplane (land)
1305,QEJ,The Boeing Company,Boeing 737-800,74990,189+10,,,,,,,44829,Aeroplane (land)
1259,QEK,The Boeing Company,Boeing 737-800,74990,189+10,,,,,,,44830,Aeroplane (land)
1310,QEL,The Boeing Company,Boeing 737-800,74990,189+10,,,,,,,44831,Aeroplane (land)
1313,QEM,The Boeing Company,Boeing 737-800,74990,189+10,,,,,,,44825,Aeroplane (land)
1261,QEN,The Boeing Company,Boeing 737-800,74990,189+10,,,,,,,44827,Aeroplane (land)
1266,QEO,The Boeing Company,Boeing 737-800,74990,189+10,,,,,,,44838,Aeroplane (land)
1330,QEP,The Boeing Company,Boeing 737-800,74990,189+10,,,,,,,44834,Aeroplane (land)
180,RAF,Morris Motors Ltd.,DH82A Tiger Moth,828,2,,,,,,,3737,Microlight
535,RBA,Textron Aviation Inc.,B200GT (King Air),5670,9,,,,,,,BY-3,Aeroplane (land)
785,REY,Embraer S.A.,EMB-145,20990,38,,,,,,,145036,Aeroplane (land)
2057,RFAP,Dassault Aviation SA,Falcon 7X,31751,,,,,,,,165,Aeroplane (land)
1852,RFX,Embraer S.A.,EMB-550,17400,11,,,,,,,55000025,Aeroplane (land)
1590,RIM,Pilatus Aircraft Limited,PC-24,8300,8+2,,,,,,,220,Aeroplane (land)
1979,RMD,Textron Aviation Inc.,Cessna 560XL,9072,10,,,,,,,560-5249,Aeroplane (land)
1607,RSQ,Airbus Helicopters Deutschland GmbH,EC135 T1,2835,8,,,,,,,0035,Helicopter
823,RSS,Bombardier Inc.,BD-700-1A10,45132,15,,,,,,,9727,Aeroplane (land)
1237,RTU,Airbus S.A.S.,A330-202,233000,383,,,,,,,473,Aeroplane (land)
1319,RVM,Pilatus Aircraft Limited,PC6 B2-H4,2800,11,,,,,,,969,Aeroplane (land)
829,RWM,Textron Aviation Inc.,B200GT (King Air),5670,8,,,,,,,BY-102,Aeroplane (land)
1518,SAL,Textron Aviation Inc.,Cessna 550 Bravo,6713,10,,,,,,,550B-1007,Aeroplane (land)
1096,SDW,Robinson Helicopter Company,R66,1225,5,,,,,,,0864,Helicopter
615,SEP,Costruzioni Aeronautiche TECNAM S.p.A.,Tecnam P2002-JF,600,2,,,,,,,161,Aeroplane (land)
2098,SFL,,,,,,,,,,,,
1063,SHO,The Boeing Company,Boeing 737-800,79015,189+10,,,,,,,28824,Aeroplane (land)
879,SIS,Bombardier Inc.,CL-600-2B16 (604 Variant),21863,12+4,,,,,,,6050,Aeroplane (land)
1046,SJI,Joint Stock Company Sukhoi Civil Aircraft,RRJ-95B,45880,103,,,,,,,95120,Aeroplane (land)
828,SKI,Piaggio Aviation S.p.A.,P.180 Avanti,5489,10,,,,,,,1040,Aeroplane (land)
1192,SLB,Airbus S.A.S.,A320-232,77013,190,,,,,,,1945,Aeroplane (land)
1479,SLC,AIRBUS S.A.S.,A321-211,89000,220,,,,,,,4461,Aeroplane (land)
1480,SLD,Airbus S.A.S.,A320-214,77000,190,,,,,,,03396,Aeroplane (land)
1481,SLE,AIRBUS S.A.S.,A320-214,77000,190,,,,,,,03475,Aeroplane (land)
1482,SLF,Airbus S.A.S.,A320-214,77000,190,,,,,,,03361,Aeroplane (land)
1692,SLG,Airbus S.A.S.,A320-231,93000,190,,,,,,,01946,Aeroplane (land)
1604,SLH,Airbus S.A.S.,A320-214,77000,190,,,,,,,03425,Aeroplane (land)
1605,SLI,Airbus S.A.S.,A320-214,75500,190,,,,,,,03866,Aeroplane (land)
1606,SLJ,Airbus S.A.S.,A320-214,75500,190,,,,,,,03880,Aeroplane (land)
1693,SLK,Airbus S.A.S.,A320-214,77000,190,,,,,,,01725,Aeroplane (land)
1688,SMA,Airbus S.A.S.,A330-343,233000,7 Crew,,,,,,,00908,Aeroplane (land)
1689,SMC,Airbus S.A.S.,A330-343,233000,308,,,,,,,0937,Aeroplane (land)
1690,SMD,Airbus S.A.S.,A330-343,233000,8 Crew,,,,,,,01382,Aeroplane (land)
1691,SME,Airbus S.A.S.,A330-343,233000,308,,,,,,,0954,Aeroplane (land)
1718,SMF,Airbus S.A.S.,A330-343,235000,13,,,,,,,01531,Aeroplane (land)
1870,SMG,Airbus S.A.S.,A330-343,235000,392,,,,,,,01533,Aeroplane (land)
1871,SMH,Airbus S.A.S.,A330-343,235000,392,,,,,,,01549,Aeroplane (land)
1872,SMI*,Airbus S.A.S.,A330-343,233000,0+13,,,,,,,0791,Aeroplane (land)
1343,SNB,Textron Aviation Inc.,C680,13959,11,,,,,,,680-0530,Aeroplane (land)
1222,SOI,Bombardier Inc.,BD-700-1A10,45132,16,,,,,,,9044,Aeroplane (land)
792,SOL,Airbus S.A.S.,A340-313,275000,269,,,,,,,0483,Aeroplane (land)
694,SSG,Dassault Aviation SA,Falcon 10,8755,5+2,,,,,,,209,Aeroplane (land)
668,SSK,Gulfstream Aerospace Corp.,Gulfstream GVI,45177,16,,,,,,,6195,Aeroplane (land)
1252,SSU,Bombardier Inc.,BD-700-1A10,45132,15+3,,,,,,,9864,Aeroplane (land)
1914,STAR,Diamond Aircraft Industries GmbH,DA42,1785,4,,,,,,,42.017,Aeroplane (land)
328,SUN,Airbus S.A.S.,A340-312,260000,312,,,,,,,367,Aeroplane (land)
1997,SWL,Cirrus Design Corporation,SR 22,1633,4,,,,,,,3302,Aeroplane (land)
1491,SXI,Airbus S.A.S.,A330-343,242000,249+10+4,,,,,,,1745,Aeroplane (land)
1492,SXK,Airbus S.A.S.,A330-343,242000,249+10+4,,,,,,,1757,Aeroplane (land)
1489,SZF,Airbus S.A.S.,A320-232,77000,138+4+5,,,,,,,6189,Aeroplane (land)
1490,SZH,Airbus S.A.S.,A320-232,77000,138+4+5,,,,,,,6306,Aeroplane (land)
1043,SZN,Airbus S.A.S.,A330-941,242000,303,,,,,,,01910,Aeroplane (land)
749,TAS,The Boeing Company,Boeing 737-300,61234,148+4,,,,,,,24770,Aeroplane (land)
1985,TAU,The Boeing Company,787-8,82190,,,,,,,,43001,Aeroplane (land)
1120,TBN,Airbus S.A.S.,A319-115,76500,19+4,,,,,,,4622,Aeroplane (land)
1348,TDI,Bombardier Inc.,BD-700-1A11,41957,19,,,,,,,9560,Aeroplane (land)
1570,TGR,Textron Aviation Inc.,Citation Jet 525B,6291,8+2,,,,,,,525B-0173,Aeroplane (land)
1439,THC,Bombardier Inc.,CL-600-2A12 (601 Variant),20457,12,,,,,,,3031,Aeroplane (land)
964,TIO,Bombardier Inc.,BD-700-1A11,41957,15,,,,,,,9813,Aeroplane (land)
906,TJA,The Boeing Company,Boeing 737-800,79015,189 +6+4,,,,,,,34409,Aeroplane (land)
907,TJB,The Boeing Company,Boeing 737-800,79015,189 +6+4,,,,,,,35093,Aeroplane (land)
908,TJC,The Boeing Company,Boeing 737-800,79015,189 +6+4,,,,,,,38012,Aeroplane (land)
1246,TJD,The Boeing Company,Boeing 737-800,77000,189+6+4,,,,,,,35077,Aeroplane (land)
1764,TJE,The Boeing Company,Boeing 737-800,79015,189+Crew,,,,,,,35106,Aeroplane (land)
1248,TJF,The Boeing Company,Boeing 737-800,79015,189+Crew,,,,,,,35082,Aeroplane (land)
1249,TJH,The Boeing Company,737-800,78999,189,,,,,,,35646,Aeroplane (land)
1101,TLS,Airbus S.A.S.,A319-112,75500,154,,,,,,,02662,Aeroplane (land)
1167,TOP,Bombardier Inc.,BD-700-1A10,45132,14,,,,,,,9766,Aeroplane (land)
1703,TQP,Airbus S.A.S.,A320-202,230000,29 (Cargo Config),,,,,,,0211,Aeroplane (land)
1878,TQY,Airbus S.A.S.,A340-313,275000,284,,,,,,,0190,Aeroplane (land)
1701,TQZ,Airbus S.A.S.,A340-313,275000,284,,,,,,,0202,Aeroplane (land)
1022,TTB,Cirrus Design Corporation,SR22,1545,4,,,,,,,1850,Aeroplane (land)
999,TTT,Leonardo S.p.A.,A109E,2850,8,,,,,,,11033,Helicopter
269,UCM,TL-Ultralight,TL-2000 Sting Carbon,450,2,,,,,,,06 ST 185,Microlight
264,UDJ,Halley KFT,Apollo Delta Jet 2,450,2,,,,,,,150812,Microlight
189,UEB,Evektor,EV-97 Eurostar 2000R,450,2,,,,,,,2006 2809,Microlight
1028,UEC,Airbus S.A.S.,A318-112,68000,18+3,,,,,,,5478,Aeroplane (land)
433,ULM,Comco Ikarus GmbH,Ikarus C42B MicroLight Aircraft,472,2,,,,,,,0204-6435,Microlight
69,UMA,Polaris Motor s.r.l.,Polaris Cross Country 2 Seater Microlight,450,2,,,,,,,4159717,Microlight
74,UMB,Polaris Motor s.r.l.,Polaris Flying Inflatable Boat MicroLight,450,2,,,,,,,4291730,Microlight
92,UMC,Thruster Air Services Ltd,Thruster T600N MicroLight,450,2,,,,,,,9099/3600N-038,Microlight
99,UMD,Thruster Air Services Ltd,Thruster T600N MicroLight,450,2,,,,,,,0031-T600N-051,Microlight
101,UMF,Flylab srl,Flylab Tucano Microlight Aircraft,450,2,,,,,,,0020,Microlight
110,UMG,Euroala srl,Euroala JF91 MicroLight Aircraft,450,2,,,,,,,33664,Microlight
112,UMH,S.A.L. snc,S.A.L. Kitfox III MicroLight Aircraft,450,2,,,,,,,3982,Microlight
120,UMI,Jora Spol S.R.O.,JORA Spol MicroLight Aircaft,450,2,,,,,,,C-140/2004,Microlight
123,UMK,Flysynthesis,Storch CL Flysynthesis Microlight Aircraft,450,2,,,,,,,14,Microlight
130,UML,ICP Srl,Savannah Microlight Aircraft,450,2,,,,,,,05.02.51.373,Microlight
131,UMN,Best Off BP 943 Aerodrome,Skyranger V Max Microlight Aircraft,450,2,,,,,,,B SKR 0501 565,Microlight
137,UMP,Pearce JR,X-Air 582(1) MicroLight Aircraft,450,2,,,,,,,BMAA/HB/093,Microlight
143,UMQ,Southdown International Ltd.,Puma Sprint - Weightshift Microlight Aircraft,450,2,,,,,,,1121/0033,Microlight
144,UMR,Randkar SA,Puma Sprint - Weightshift Microlight Aircarft,450,2,,,,,,,906,Microlight
135,UMS,Flysynthesis,Storch Anfibio Microlight Aircraft,450,2,,,,,,,255/A,Microlight
153,UMT,Randkar SA,Raj X-Air MicroLight Aircraft,450,2,,,,,,,942,Microlight
155,UMU,Solar wings Ltd.,S MicroLight Aircraft,450,2,,,,,,,SW-WA-1004,Microlight
156,UMV,CFM-Metal-FAX,Microlight Aircraft,374,2,,,,,,,062,Microlight
162,UMW,Aerospool SPOL SRO,Dynamic WT-9 MicroLight Aircraft,420,2,,,,,,,DY-132/2006,Microlight
165,UMX,Polaris Motor s.r.l.,FLYING BOAT MicroLight,420,2,,,,,,,0631224,Microlight
161,UMY,The Light Aircraft Co. Ltd.,RANGER BIPLANE,450,2,,,,,,,ST 29,Microlight
499,UNM,BRM Costruções Aeronáuticas,BRM Okavango,450,2,,,,,,,003,Microlight
693,UTA,Fly Synthesis S.r.l.,Fly Synthesis Catalina VG,495,2,,,,,,,F5AB0111109B,Microlight
1423,VBG*,Bombardier Inc.,BD-700-1A10,45132,17,,,,,,,60003,Aeroplane (land)
447,VCA,Bombardier Inc.,BD-100-1A10,18416,12,,,,,,,20513,Aeroplane (land)
448,VCB,Bombardier Inc.,BD-100-1A10,18416,12,,,,,,,20514,Aeroplane (land)
449,VCC,Bombardier Inc.,BD-100-1A10,18416,12,,,,,,,20535,Aeroplane (land)
450,VCD,Bombardier Inc.,BD-100-1A10,18416,12,,,,,,,20538,Aeroplane (land)
451,VCE,Bombardier Inc.,BD-100-1A10,18416,12,,,,,,,20540,Aeroplane (land)
452,VCF,Bombardier Inc.,BD-100-1A10,18416,12,,,,,,,20541,Aeroplane (land)
453,VCG,Bombardier Inc.,BD-100-1A10,18416,12,,,,,,,20545,Aeroplane (land)
456,VCJ,Bombardier Inc.,BD-100-1A10,18416,12,,,,,,,20560,Aeroplane (land)
457,VCK,Bombardier Inc.,BD-100-1A10,18416,12,,,,,,,20592,Aeroplane (land)
458,VCL,Bombardier Inc.,BD-100-1A10,18416,12,,,,,,,20606,Aeroplane (land)
459,VCM,Bombardier Inc.,BD-100-1A10,18416,12,,,,,,,20624,Aeroplane (land)
460,VCN,Bombardier Inc.,BD-100-1A10,18416,12,,,,,,,20628,Aeroplane (land)
461,VCO,Bombardier Inc.,BD-100-1A10,18416,12,,,,,,,20642,Aeroplane (land)
462,VCP,Bombardier Inc.,BD-100-1A10,18016,9+3,,,,,,,20896,Aeroplane (land)
463,VCQ,Bombardier Inc.,BD-100-1A10,18,,,,,,,,20910,Aeroplane (land)
2046,VDC,Airbus S.A.S.,A330-300,233000,,,,,,,,0958,Aeroplane (land)
1086,VDO,Airbus S.A.S.,A320-214,77000,189,,,,,,,3136,Aeroplane (land)
1599,VDS,Airbus S.A.S.,A320-214,77000,188,,,,,,,1757,Aeroplane (land)
357,VFA,Bombardier Inc.,CL-600-2B16 (604 Variant),21863,12+3,,,,,,,5970,Aeroplane (land)
358,VFB,Bombardier Inc.,CL-600-2B16 (604 Variant),21863,12+3,,,,,,,5971,Aeroplane (land)
359,VFC,Bombardier Inc.,CL-600-2B16 (604 Variant),21863,12+3,,,,,,,5972,Aeroplane (land)
360,VFD,Bombardier Inc.,CL-600-2B16 (604 Variant),21863,12+3,,,,,,,5973,Aeroplane (land)
361,VFE,Bombardier Inc.,CL-600-2B16 (604 Variant),21863,12+3,,,,,,,5974,Aeroplane (land)
362,VFF,Bombardier Inc.,CL-600-2B16 (604 Variant),21863,12+3,,,,,,,5977,Aeroplane (land)
363,VFG,Bombardier Inc.,CL-600-2B16 (604 Variant),21863,12+3,,,,,,,5978,Aeroplane (land)
364,VFH,Bombardier Inc.,CL-600-2B16 (604 Variant),21863,12+3,,,,,,,5979,Aeroplane (land)
365,VFI,Bombardier Inc.,CL-600-2B16 (604 Variant),21863,12+3,,,,,,,5984,Aeroplane (land)
366,VFJ,Bombardier Inc.,CL-600-2B16 (604 Variant),21863,12+3,,,,,,,5987,Aeroplane (land)
367,VFK,Bombardier Inc.,CL-600-2B16,21863,16,,,,,,,5443,Aeroplane (land)
915,VGA,Bombardier Inc.,CL-600-2B19,23995,19,,,,,,,8077,Aeroplane (land)
770,VGH,Bell Helicopter Textron Inc.,412,5391,14,,,,,,,36046,Helicopter
1404,VIB,Bombardier Inc.,BD-700-2A12,52095,17,,,,,,,70045,Aeroplane (land)
1405,VIC,Bombardier Inc.,BD-700-2A12,52095,17,,,,,,,70058,Aeroplane (land)
1406,VID,Bombardier Inc.,BD-700-2A12,52095,17,,,,,,,70064,Aeroplane (land)
1407,VIE,Bombardier Inc.,BD-700-2A12,52095,19,,,,,,,70069,Aeroplane (land)
1409,VIG,Bombardier Inc.,BD-700-2A12,52095,19,,,,,,,70086,Aeroplane (land)
1410,VIH,Bombardier Inc.,BD-700-2A12,52095,19,,,,,,,70087,Aeroplane (land)
1411,VII,Bombardier Inc.,BD-700-2A12,52095,19,,,,,,,70090,Aeroplane (land)
1412,VIJ,Bombardier Inc.,BD-700-2A12,52095,,,,,,,,70095,Aeroplane (land)
1529,VIK,Bombardier Inc.,BD-700-2A12,52095,,,,,,,,70105,Aeroplane (land)
1530,VIL,Bombardier Inc.,BD-700-2A12,52095,,,,,,,,70109,Aeroplane (land)
1531,VIM,Bombardier Inc.,BD-700-2A12,52095,18,,,,,,,70112,Aeroplane (land)
1532,VIN,Bombardier Inc.,BD-700-2A12,52095,,,,,,,,70113,Aeroplane (land)
898,VIP,Airbus Helicopters Deutschland GmbH,EC135 P2,2835,7,,,,,,,0193,Helicopter
2042,VISTA,Bombardier Inc.,BD-700-2A12,52095,,,,,,,,70100,Aeroplane (land)
250,VJA,Bombardier Inc.,BD-700-1A10,45132,14+4,,,,,,,9441,Aeroplane (land)
303,VJC,Bombardier Inc.,BD-700-1A10,45132,18,,,,,,,9448,Aeroplane (land)
304,VJD,Bombardier Inc.,BD-700-1A10,45132,18,,,,,,,9472,Aeroplane (land)
314,VJE,Bombardier Inc.,BD-700-1A10,45132,18,,,,,,,9502,Aeroplane (land)
315,VJF,Bombardier Inc.,BD-700-1A10,45132,18,,,,,,,9503,Aeroplane (land)
503,VJG,Bombardier Inc.,BD-700-1A10,45132,18,,,,,,,9580,Aeroplane (land)
518,VJH,Bombardier Inc.,BD-700-1A10,45132,18,,,,,,,9585,Aeroplane (land)
525,VJI,Bombardier Inc.,BD-700-1A10,45132,18,,,,,,,9593,Aeroplane (land)
526,VJJ,Bombardier Inc.,BD-700-1A10,45132,18,,,,,,,9604,Aeroplane (land)
541,VJK,Bombardier Inc.,BD-700-1A10,45132,18,,,,,,,9619,Aeroplane (land)
540,VJL,Bombardier Inc.,BD-700-1A10,45132,18,,,,,,,9626,Aeroplane (land)
562,VJM,Bombardier Inc.,BD-700-1A10,45132,18,,,,,,,9630,Aeroplane (land)
563,VJN,Bombardier Inc.,BD-700-1A10,45132,18,,,,,,,9662,Aeroplane (land)
564,VJO,Bombardier Inc.,BD-700-1A10,45132,18,,,,,,,9669,Aeroplane (land)
565,VJP,Bombardier Inc.,BD-700-1A10,45132,18,,,,,,,9677,Aeroplane (land)
566,VJQ,Bombardier Inc.,BD-700-1A10,45132,18,,,,,,,9691,Aeroplane (land)
567,VJR,Bombardier Inc.,BD-700-1A10,45132,18,,,,,,,9703,Aeroplane (land)
568,VJS,Bombardier Inc.,BD-700-1A10,45132,18,,,,,,,9711,Aeroplane (land)
569,VJT,Bombardier Inc.,BD-700-1A10,45132,18,,,,,,,9721,Aeroplane (land)
570,VJU,Bombardier Inc.,BD-700-1A10,45132,18,,,,,,,9724,Aeroplane (land)
571,VJV,Bombardier Inc.,BD-700-1A10,45132,18,,,,,,,9725,Aeroplane (land)
572,VJW,Bombardier Inc.,BD-700-1A10,45132,18,,,,,,,9728,Aeroplane (land)
573,VJX,Bombardier Inc.,BD-700-1A10,45132,18,,,,,,,9738,Aeroplane (land)
574,VJY,Bombardier Inc.,BD-700-1A10,45132,18,,,,,,,9667,Aeroplane (land)
575,VJZ,Bombardier Inc.,BD-700-1A10,45132,18,,,,,,,9746,Aeroplane (land)
1044,VLT,Costruzioni Aeronautiche TECNAM S.p.A.,Tecnam P2002-JF,600,2,,,,,,,212,Aeroplane (land)
1487,VMF,Gulfstream Aerospace Corp.,GVII-G500 (G500),34859,14+2+1,,,,,,,72068,Aeroplane (land)
963,VOX,The Boeing Company,Boeing 737-500,57606,70,,,,,,,24919,Aeroplane (land)
385,VTD,Bombardier Inc.,BD-700-1A10,45132,18,,,,,,,9763,Aeroplane (land)
386,VTE,Bombardier Inc.,BD-700-1A10,45132,17,,,,,,,9440,Aeroplane (land)
1203,VUA,The Boeing Company,BOEING 737-8200,76200,197+11,,,,,,,65874,Aeroplane (land)
1204,VUB,The Boeing Company,BOEING 737-8200,76200,197+11,,,,,,,56877,Aeroplane (land)
1205,VUC,The Boeing Company,BOEING 737-8200,76200,197+11,,,,,,,62328,Aeroplane (land)
1206,VUD,The Boeing Company,BOEING 737-8200,76200,197+11,,,,,,,65878,Aeroplane (land)
1207,VUE,The Boeing Company,BOEING 737-8200,76200,197+11,,,,,,,65876,Aeroplane (land)
1208,VUF,The Boeing Company,BOEING 737-8200,76200,197+11,,,,,,,65082,Aeroplane (land)
1830,VUG,The Boeing Company,BOEING 737-8200,76200,197+11,,,,,,,65077,Aeroplane (land)
1831,VUH,The Boeing Company,BOEING 737-8200,76200,197+11,,,,,,,62303,Aeroplane (land)
1832,VUI,The Boeing Company,BOEING 737-8200,76200,197+11,,,,,,,62302,Aeroplane (land)
1833,VUJ,The Boeing Company,BOEING 737-8200,76200,197+11,,,,,,,62300,Aeroplane (land)
1834,VUK,The Boeing Company,BOEING 737-8200,76200,197+11,,,,,,,62321,Aeroplane (land)
1835,VUL,The Boeing Company,BOEING 737-8200,76200,197+11,,,,,,,62332,Aeroplane (land)
1836,VUM,The Boeing Company,BOEING 737-8200,76200,197+11,,,,,,,65084,Aeroplane (land)
1837,VUN,The Boeing Company,BOEING 737-8200,76200,197+11,,,,,,,65886,Aeroplane (land)
1838,VUO,The Boeing Company,BOEING 737-8200,76200,197+11,,,,,,,65884,Aeroplane (land)
1839,VUP,The Boeing Company,BOEING 737-8200,76200,197+11,,,,,,,62334,Aeroplane (land)
1840,VUQ,The Boeing Company,BOEING 737-8200,76200,197+11,,,,,,,65885,Aeroplane (land)
1904,VUR,The Boeing Company,BOEING 737-8200,76200,197+11,,,,,,,62325,Aeroplane (land)
1905,VUS,The Boeing Company,BOEING 737-8200,76200,197+11,,,,,,,62326,Aeroplane (land)
1906,VUT,The Boeing Company,BOEING 737-8200,76200,197+11,,,,,,,65882,Aeroplane (land)
1907,VUU,The Boeing Company,BOEING 737-8200,76200,197+11,,,,,,,65883,Aeroplane (land)
1908,VUV,The Boeing Company,BOEING 737-8200,76200,197+11,,,,,,,62331,Aeroplane (land)
1999,VUW,The Boeing Company,BOEING 737-8200,76200,197+11,,,,,,,62338,Aeroplane (land)
1998,VUX,The Boeing Company,BOEING 737-8200,76200,197+11,,,,,,,62337,Aeroplane (land)
2066,VUY,The Boeing Company,BOEING 737-8200,76200,197+11,,,,,,,65896,Aeroplane (land)
2065,VUZ,The Boeing Company,Boeing 737-8200,76200,197+11,,,,,,,62339,Aeroplane (land)
1773,VVA,The Boeing Company,737-8200,76200,197+11,,,,,,,65894,Aeroplane (land)
1774,VVC,The Boeing Company,Boeing 737-8200,76200,197+11,,,,,,,65895,Aeroplane (land)
809,VVP,Bombardier Inc.,CL-600-2B16,21863,15,,,,,,,5612,Aeroplane (land)
1429,WCF,Textron Aviation Inc.,Hawker 800XP,12701,8+2+1,,,,,,,258834,Aeroplane (land)
337,WFC,Embraer S.A.,EMB-135BJ,22500,12+3,,,,,,,14500988,Aeroplane (land)
1544,WIN,Textron Aviation Inc.,Citation 525B,6291,10,,,,,,,525B-0557,Aeroplane (land)
1166,WIT,Pilatus Aircraft Limited,PC-12/47e,4740,5+2,,,,,,,1906,Aeroplane (land)
1748,XFG,Airbus S.A.S.,A330-243,233000,275+13,,,,,,,1407,Aeroplane (land)
1991,XFW*,Airbus S.A.S.,A319-112,70000,168,,,,,,,03689,Aeroplane (land)
1851,XFX,Embraer S.A.,EMB-550,17400,11,,,,,,,55000027,Aeroplane (land)
1609,XOA,Textron Aviation Inc.,560XL,9162,9,,,,,,,560-5615,Aeroplane (land)
1610,XOB,Textron Aviation Inc.,560XL,9162,9,,,,,,,560-5621,Aeroplane (land)
1611,XOC,Textron Aviation Inc.,560XL,9162,9,,,,,,,560-5640,Aeroplane (land)
1179,XPA,Textron Aviation Inc.,Textron Aviation Inc. B200,5670,8,,,,,,,BB-269,Aeroplane (land)
1592,YAA,Bombardier Inc.,BD-700-1A11,41957,13,,,,,,,9430,Aeroplane (land)
670,YES,The Boeing Company,Boeing 737-500,54431,53,,,,,,,25167,Aeroplane (land)
709,YOU,Bombardier Inc.,CL-600-2B19,23995,15+7,,,,,,,8085,Aeroplane (land)
230,ZAR,Schweizer Aircraft,Schweizer 269C-1,794,2,,,,,,,0347,Helicopter
559,ZAZ,The Boeing Company,Boeing 737-400,64999,162+9,,,,,,,25349,Aeroplane (land)
1915,ZEN,Embraer S.A.,EMB-505,8340,8,,,,,,,50500409,Aeroplane (land)
1850,ZFX,Embraer S.A.,EMB-550,17400,11,,,,,,,55000036,Aeroplane (land)
1768,ZMK,Airbus S.A.S.,A340-313,275000,8,,,,,,,668,Aeroplane (land)
437,ZSN,Dassault Aviation SA,Falcon 7X,31751,17,,,,,,,228,Aeroplane (land)
1713,ZTA,Airbus S.A.S.,A321-211,93000,227,,,,,,,03479,Aeroplane (land)
1752,ZTB,Airbus S.A.S.,A321-211,89000,5,,,,,,,01238,Aeroplane (land)
904,ZVJ,Leonardo S.p.A.,A109SP,3175,8,,,,,,,22292,Helicopter